dataset,split_type,split_num,model,roc_auc
sider,spectra_tanimoto,0.00_0,LogReg,0.6361282190018367
sider,spectra_tanimoto,0.00_0,RF,0.6587806781484046
sider,spectra_tanimoto,0.00_0,XGB,0.6257849182544818
sider,spectra_tanimoto,0.00_0,SVM,0.6340026618155087
sider,spectra_tanimoto,0.00_1,LogReg,0.6079552482422876
sider,spectra_tanimoto,0.00_1,RF,0.6588398872112622
sider,spectra_tanimoto,0.00_1,XGB,0.6414418776610298
sider,spectra_tanimoto,0.00_1,SVM,0.6175658854592215
sider,spectra_tanimoto,0.00_2,LogReg,0.6224521612775069
sider,spectra_tanimoto,0.00_2,RF,0.6669903669553585
sider,spectra_tanimoto,0.00_2,XGB,0.6378818909919087
sider,spectra_tanimoto,0.00_2,SVM,0.641208545370394
sider,spectra_tanimoto,0.05_0,LogReg,0.6309513671405814
sider,spectra_tanimoto,0.05_0,RF,0.634562668596847
sider,spectra_tanimoto,0.05_0,XGB,0.6252412662782167
sider,spectra_tanimoto,0.05_0,SVM,0.6280664514405951
sider,spectra_tanimoto,0.05_1,LogReg,0.6065929335863546
sider,spectra_tanimoto,0.05_1,RF,0.6251938649767297
sider,spectra_tanimoto,0.05_1,XGB,0.6159556904882085
sider,spectra_tanimoto,0.05_1,SVM,0.6285070934574217
sider,spectra_tanimoto,0.05_2,LogReg,0.5964752916661993
sider,spectra_tanimoto,0.05_2,RF,0.6235776370450687
sider,spectra_tanimoto,0.05_2,XGB,0.6059947668014021
sider,spectra_tanimoto,0.05_2,SVM,0.6240572253821104
sider,spectra_tanimoto,0.10_0,LogReg,0.5667071879612928
sider,spectra_tanimoto,0.10_0,RF,0.5792970301103132
sider,spectra_tanimoto,0.10_0,XGB,0.5805888370097461
sider,spectra_tanimoto,0.10_0,SVM,0.562302236297762
sider,spectra_tanimoto,0.10_1,LogReg,
sider,spectra_tanimoto,0.10_1,RF,
sider,spectra_tanimoto,0.10_1,XGB,
sider,spectra_tanimoto,0.10_1,SVM,
sider,spectra_tanimoto,0.10_2,LogReg,0.6038299530324316
sider,spectra_tanimoto,0.10_2,RF,0.6097558259864606
sider,spectra_tanimoto,0.10_2,XGB,0.6233006217016016
sider,spectra_tanimoto,0.10_2,SVM,0.596702477928108
sider,spectra_tanimoto,0.15_0,LogReg,0.6363415075267257
sider,spectra_tanimoto,0.15_0,RF,0.6297495113775111
sider,spectra_tanimoto,0.15_0,XGB,0.6112511583394823
sider,spectra_tanimoto,0.15_0,SVM,0.5994494801306893
sider,spectra_tanimoto,0.15_1,LogReg,
sider,spectra_tanimoto,0.15_1,RF,
sider,spectra_tanimoto,0.15_1,XGB,
sider,spectra_tanimoto,0.15_1,SVM,
sider,spectra_tanimoto,0.15_2,LogReg,0.6161581948541576
sider,spectra_tanimoto,0.15_2,RF,0.6015977262916804
sider,spectra_tanimoto,0.15_2,XGB,0.6153429516945053
sider,spectra_tanimoto,0.15_2,SVM,0.6005432878076316
sider,spectra_tanimoto,0.20_0,LogReg,0.5861900392746082
sider,spectra_tanimoto,0.20_0,RF,0.587205423362014
sider,spectra_tanimoto,0.20_0,XGB,0.5791276744097625
sider,spectra_tanimoto,0.20_0,SVM,0.5812186754826908
sider,spectra_tanimoto,0.20_1,LogReg,
sider,spectra_tanimoto,0.20_1,RF,
sider,spectra_tanimoto,0.20_1,XGB,
sider,spectra_tanimoto,0.20_1,SVM,
sider,spectra_tanimoto,0.20_2,LogReg,
sider,spectra_tanimoto,0.20_2,RF,
sider,spectra_tanimoto,0.20_2,XGB,
sider,spectra_tanimoto,0.20_2,SVM,
sider,spectra_tanimoto,0.25_0,LogReg,0.587658822881841
sider,spectra_tanimoto,0.25_0,RF,0.5954825925624478
sider,spectra_tanimoto,0.25_0,XGB,0.5821854602710975
sider,spectra_tanimoto,0.25_0,SVM,0.5644676924397093
sider,spectra_tanimoto,0.25_1,LogReg,
sider,spectra_tanimoto,0.25_1,RF,
sider,spectra_tanimoto,0.25_1,XGB,
sider,spectra_tanimoto,0.25_1,SVM,
sider,spectra_tanimoto,0.25_2,LogReg,
sider,spectra_tanimoto,0.25_2,RF,
sider,spectra_tanimoto,0.25_2,XGB,
sider,spectra_tanimoto,0.25_2,SVM,
sider,spectra_tanimoto,0.35_2,LogReg,
sider,spectra_tanimoto,0.35_2,RF,
sider,spectra_tanimoto,0.35_2,XGB,
sider,spectra_tanimoto,0.35_2,SVM,
sider,spectra_tanimoto,0.40_2,LogReg,
sider,spectra_tanimoto,0.40_2,RF,
sider,spectra_tanimoto,0.40_2,XGB,
sider,spectra_tanimoto,0.40_2,SVM,
sider,spectra_tanimoto,0.50_1,LogReg,
sider,spectra_tanimoto,0.50_1,RF,
sider,spectra_tanimoto,0.50_1,XGB,
sider,spectra_tanimoto,0.50_1,SVM,
sider,spectra_tanimoto,0.50_2,LogReg,
sider,spectra_tanimoto,0.50_2,RF,
sider,spectra_tanimoto,0.50_2,XGB,
sider,spectra_tanimoto,0.50_2,SVM,
sider,spectra_tanimoto,0.55_1,LogReg,
sider,spectra_tanimoto,0.55_1,RF,
sider,spectra_tanimoto,0.55_1,XGB,
sider,spectra_tanimoto,0.55_1,SVM,
sider,random,0,LogReg,0.6282071497054418
sider,random,0,RF,0.6701067893119377
sider,random,0,XGB,0.6351305151433574
sider,random,0,SVM,0.6394648065251923
sider,random,1,LogReg,0.644099062791777
sider,random,1,RF,0.6520004005469008
sider,random,1,XGB,0.6487507994065532
sider,random,1,SVM,0.6420524220437737
sider,random,2,LogReg,0.6104676813080155
sider,random,2,RF,0.6479395018107849
sider,random,2,XGB,0.6306254519124331
sider,random,2,SVM,0.6293596270385984
sider,random,3,LogReg,0.6117616625292995
sider,random,3,RF,0.661520492866852
sider,random,3,XGB,0.6316585358873995
sider,random,3,SVM,0.6318752175577659
sider,random,4,LogReg,0.613013775649259
sider,random,4,RF,0.6435053934367629
sider,random,4,XGB,0.6333935350444703
sider,random,4,SVM,0.625654749674109
sider,scaffold,0,LogReg,0.566751428648096
sider,scaffold,0,RF,0.590778910018898
sider,scaffold,0,XGB,0.5759560527281626
sider,scaffold,0,SVM,0.5910596093275001
sider,scaffold,1,LogReg,0.5809622643632051
sider,scaffold,1,RF,0.6254314489729736
sider,scaffold,1,XGB,0.6095547111421392
sider,scaffold,1,SVM,0.611452096112944
sider,scaffold,2,LogReg,0.5973716324182151
sider,scaffold,2,RF,0.6287962123421201
sider,scaffold,2,XGB,0.6075693717287384
sider,scaffold,2,SVM,0.6068036318297808
sider,scaffold,3,LogReg,0.6001760965607991
sider,scaffold,3,RF,0.6164615749390492
sider,scaffold,3,XGB,0.5807327589276794
sider,scaffold,3,SVM,0.6158893360758279
sider,scaffold,4,LogReg,0.613514584119302
sider,scaffold,4,RF,0.6475596599596357
sider,scaffold,4,XGB,0.6340694389081596
sider,scaffold,4,SVM,0.6478300045904797
sider,umap,0,LogReg,0.5582881799188165
sider,umap,0,RF,0.561965445693355
sider,umap,0,XGB,0.5823488820952707
sider,umap,0,SVM,0.56620333747247
sider,umap,1,LogReg,0.5300108569624308
sider,umap,1,RF,0.5678137988229921
sider,umap,1,XGB,0.551325606636029
sider,umap,1,SVM,0.5617096730550656
sider,umap,2,LogReg,0.5423928035685092
sider,umap,2,RF,0.5556209968438776
sider,umap,2,XGB,0.5488496771046985
sider,umap,2,SVM,0.5496602533993228
sider,umap,3,LogReg,0.5464685909786919
sider,umap,3,RF,0.5650930840792983
sider,umap,3,XGB,0.5680571390061406
sider,umap,3,SVM,0.5529351791580542
sider,umap,4,LogReg,0.5726623747106664
sider,umap,4,RF,0.5731217545633539
sider,umap,4,XGB,0.5737614834109218
sider,umap,4,SVM,0.5383656438587947
