index,train_size,val_size,test_size,SP,cso
bace_random_1,1059,151,303,NA,0.174446654984934
bace_random_2,1059,151,303,NA,0.175477814665087
bace_random_3,1059,151,303,NA,0.177787358785871
bace_random_4,1059,151,303,NA,0.175441255606885
bace_random_5,1059,151,303,NA,0.177278022915189
bace_scaffold_1,1064,151,298,NA,0.170885799187939
bace_scaffold_2,1061,151,301,NA,0.169459315702452
bace_scaffold_3,1068,152,293,NA,0.172152261096713
bace_scaffold_4,1064,152,297,NA,0.172874565921374
bace_scaffold_5,1064,152,297,NA,0.174315910707347
bace_umap_1,1074,153,286,NA,0.141019334104126
bace_umap_2,1056,150,307,NA,0.158545435614643
bace_umap_3,1050,150,313,NA,0.160975371238889
bace_umap_4,929,132,452,NA,0.151613602670616
bace_umap_5,946,135,432,NA,0.148322627435162
bace_spectra_tanimoto_0.00_0,1059,151,303,0,0.175585687151797
bace_spectra_tanimoto_0.00_1,1059,151,303,0,0.176086128265326
bace_spectra_tanimoto_0.00_2,1059,151,303,0,0.174732987197
bace_spectra_tanimoto_0.05_0,525,75,151,0.05,0.161008448891892
bace_spectra_tanimoto_0.05_1,536,76,153,0.05,0.162193039163611
bace_spectra_tanimoto_0.05_2,532,76,153,0.05,0.159225677443827
bace_spectra_tanimoto_0.10_0,301,43,86,0.1,0.152053977162613
bace_spectra_tanimoto_0.10_1,297,42,85,0.1,0.149436549117083
bace_spectra_tanimoto_0.10_2,307,43,88,0.1,0.148966384526781
bace_spectra_tanimoto_0.15_0,197,28,57,0.15,0.143729872012949
bace_spectra_tanimoto_0.15_1,203,28,58,0.15,0.144906913382477
bace_spectra_tanimoto_0.15_2,196,28,57,0.15,0.150194681564933
bace_spectra_tanimoto_0.20_0,133,18,38,0.2,0.143010267063122
bace_spectra_tanimoto_0.20_1,137,19,40,0.2,0.141590964557967
bace_spectra_tanimoto_0.20_2,133,19,38,0.2,0.142515402773105
bace_spectra_tanimoto_0.25_0,85,12,25,0.25,0.137835057143397
bace_spectra_tanimoto_0.25_1,82,11,24,0.25,0.137120803068778
bace_spectra_tanimoto_0.25_2,91,13,27,0.25,0.138462868331575
bace_spectra_tanimoto_0.30_0,70,9,20,0.3,0.135628693350479
bace_spectra_tanimoto_0.30_1,66,9,19,0.3,0.135562342507799
bace_spectra_tanimoto_0.30_2,56,8,17,0.3,0.13989940109902
bace_spectra_tanimoto_0.35_0,49,7,15,0.35,0.132649633386886
bace_spectra_tanimoto_0.35_1,48,6,14,0.35,0.131656223469784
bace_spectra_tanimoto_0.35_2,46,6,14,0.35,0.127437771188667
bace_spectra_tanimoto_0.40_0,33,4,10,0.4,0.13930093362019
bace_spectra_tanimoto_0.40_1,36,5,11,0.4,0.131597796466157
bace_spectra_tanimoto_0.40_2,37,5,11,0.4,0.133502796304184
bace_spectra_tanimoto_0.45_0,29,4,9,0.45,0.124572125864713
bace_spectra_tanimoto_0.45_1,31,4,9,0.45,0.131876464059559
bace_spectra_tanimoto_0.45_2,28,3,8,0.45,0.126119290521893
bace_spectra_tanimoto_0.50_0,26,3,8,0.5,0.113697495331575
bace_spectra_tanimoto_0.50_1,25,3,8,0.5,0.108834023039529
bace_spectra_tanimoto_0.50_2,25,3,8,0.5,0.128114613352236
bace_spectra_tanimoto_0.55_0,20,2,6,0.55,0.124380248938457
bace_spectra_tanimoto_0.55_1,18,2,5,0.55,0.122485739869138
bace_spectra_tanimoto_0.55_2,15,2,5,0.55,0.135050919121479
bace_spectra_tanimoto_0.60_0,14,1,4,0.6,0.124075366189142
bace_spectra_tanimoto_0.60_1,14,1,4,0.6,0.125864809043697
bace_spectra_tanimoto_0.60_2,14,2,5,0.6,0.116026647118539
bace_spectra_tanimoto_0.65_0,11,1,3,0.65,0.134435982981085
bace_spectra_tanimoto_0.65_1,12,1,4,0.65,0.116867919596468
bace_spectra_tanimoto_0.65_2,12,1,4,0.65,0.115628534139084
bace_spectra_tanimoto_0.70_0,9,1,3,0.7,0.12676064962997
bace_spectra_tanimoto_0.70_1,9,1,3,0.7,0.110298119541144
bace_spectra_tanimoto_0.70_2,9,1,3,0.7,0.150066050837089
bace_spectra_tanimoto_0.75_0,7,1,2,0.75,0.146409070930868
bace_spectra_tanimoto_0.75_1,7,1,2,0.75,0.0910341499188706
bace_spectra_tanimoto_0.75_2,9,1,3,0.75,0.145634236068914
bace_spectra_tanimoto_0.80_0,7,0,2,0.8,0.139014297949394
bace_spectra_tanimoto_0.80_1,6,0,2,0.8,0.140713003282045
bace_spectra_tanimoto_0.80_2,8,1,3,0.8,0.123581992245063
bace_spectra_tanimoto_0.85_0,7,0,2,0.85,0.159589766386752
bace_spectra_tanimoto_0.85_1,5,0,2,0.85,0.164490632104863
bace_spectra_tanimoto_0.85_2,5,0,2,0.85,0.126918060372893
bace_spectra_tanimoto_0.90_0,4,0,2,0.9,0.152500631613967
bace_spectra_tanimoto_0.90_1,5,0,2,0.9,0.0703442975260843
bace_spectra_tanimoto_0.95_2,4,0,2,0.95,0.133805130368117
bbbp_random_1,1376,196,393,NA,0.11357442861499
bbbp_random_2,1376,196,393,NA,0.113468377271655
bbbp_random_3,1376,196,393,NA,0.111964538635334
bbbp_random_4,1376,196,393,NA,0.111697593100397
bbbp_random_5,1376,196,393,NA,0.111799356193649
bbbp_scaffold_1,1376,196,393,NA,0.101355275857262
bbbp_scaffold_2,1376,196,393,NA,0.111662530387901
bbbp_scaffold_3,1376,196,393,NA,0.113949943810145
bbbp_scaffold_4,1379,196,390,NA,0.112893505034687
bbbp_scaffold_5,1376,196,393,NA,0.10244622026871
bbbp_umap_1,1408,201,356,NA,0.110698617097792
bbbp_umap_2,1245,177,543,NA,0.109676852307692
bbbp_umap_3,1426,203,336,NA,0.114297672252713
bbbp_umap_4,1518,216,231,NA,0.116664745614513
bbbp_umap_5,1436,205,324,NA,0.11131369589155
bbbp_spectra_tanimoto_0.00_0,1376,196,393,0,0.112330824798045
bbbp_spectra_tanimoto_0.00_1,1376,196,393,0,0.114282850185264
bbbp_spectra_tanimoto_0.00_2,1376,196,393,0,0.112782906235429
bbbp_spectra_tanimoto_0.05_0,656,93,188,0.05,0.096577571715118
bbbp_spectra_tanimoto_0.05_1,657,93,188,0.05,0.0986385380315706
bbbp_spectra_tanimoto_0.05_2,646,92,185,0.05,0.0973115770873279
bbbp_spectra_tanimoto_0.10_0,352,50,101,0.1,0.0855751833858043
bbbp_spectra_tanimoto_0.10_1,343,48,98,0.1,0.0882520220287251
bbbp_spectra_tanimoto_0.10_2,346,49,99,0.1,0.0879935701488513
bbbp_spectra_tanimoto_0.15_0,219,31,63,0.15,0.0752589235946296
bbbp_spectra_tanimoto_0.15_1,231,32,66,0.15,0.0777226759758147
bbbp_spectra_tanimoto_0.15_2,222,31,64,0.15,0.0778716460147601
bbbp_spectra_tanimoto_0.20_0,156,22,45,0.2,0.0736192764691368
bbbp_spectra_tanimoto_0.20_1,160,22,46,0.2,0.0759237968979597
bbbp_spectra_tanimoto_0.20_2,154,22,44,0.2,0.0756186860516269
bbbp_spectra_tanimoto_0.25_0,116,16,33,0.25,0.0678804967790168
bbbp_spectra_tanimoto_0.25_1,112,16,32,0.25,0.0682741678170458
bbbp_spectra_tanimoto_0.25_2,112,15,32,0.25,0.0691181614099756
bbbp_spectra_tanimoto_0.30_0,84,12,25,0.3,0.0677767635203298
bbbp_spectra_tanimoto_0.30_1,93,13,27,0.3,0.06704580048544
bbbp_spectra_tanimoto_0.30_2,94,13,27,0.3,0.062673773959058
bbbp_spectra_tanimoto_0.35_0,76,10,22,0.35,0.062860063242526
bbbp_spectra_tanimoto_0.35_1,73,10,21,0.35,0.0574084351001572
bbbp_spectra_tanimoto_0.35_2,74,10,21,0.35,0.0641778075881604
bbbp_spectra_tanimoto_0.40_0,59,8,17,0.4,0.052573033102269
bbbp_spectra_tanimoto_0.40_1,57,8,17,0.4,0.0556544448676946
bbbp_spectra_tanimoto_0.40_2,58,8,17,0.4,0.0572162923946125
bbbp_spectra_tanimoto_0.45_0,49,7,14,0.45,0.0547460367762158
bbbp_spectra_tanimoto_0.45_1,53,7,15,0.45,0.0493972625793038
bbbp_spectra_tanimoto_0.45_2,50,7,15,0.45,0.0563402172219021
bbbp_spectra_tanimoto_0.50_0,42,5,12,0.5,0.0506411740805443
bbbp_spectra_tanimoto_0.50_1,38,5,11,0.5,0.0536375338405743
bbbp_spectra_tanimoto_0.50_2,39,5,11,0.5,0.0498578122189159
bbbp_spectra_tanimoto_0.55_0,35,4,10,0.55,0.050130330473791
bbbp_spectra_tanimoto_0.55_1,35,5,10,0.55,0.0510232016212911
bbbp_spectra_tanimoto_0.55_2,33,4,10,0.55,0.0534028856117844
bbbp_spectra_tanimoto_0.60_0,31,4,9,0.6,0.0459165928369368
bbbp_spectra_tanimoto_0.60_1,32,4,10,0.6,0.0476944264360609
bbbp_spectra_tanimoto_0.60_2,25,3,8,0.6,0.0436888210518228
bbbp_spectra_tanimoto_0.65_0,21,3,6,0.65,0.0519091866870968
bbbp_spectra_tanimoto_0.65_1,25,3,7,0.65,0.0395647623100877
bbbp_spectra_tanimoto_0.65_2,24,3,7,0.65,0.0385315496466278
bbbp_spectra_tanimoto_0.70_0,20,2,6,0.7,0.0371623951316154
bbbp_spectra_tanimoto_0.70_1,21,2,6,0.7,0.0457800774328082
bbbp_spectra_tanimoto_0.70_2,21,3,7,0.7,0.0281414811486553
bbbp_spectra_tanimoto_0.75_0,18,2,5,0.75,0.0358715230829436
bbbp_spectra_tanimoto_0.75_1,18,2,5,0.75,0.0508167366519056
bbbp_spectra_tanimoto_0.75_2,18,2,6,0.75,0.0409990060296337
bbbp_spectra_tanimoto_0.80_0,12,1,4,0.8,0.0420706798168057
bbbp_spectra_tanimoto_0.80_1,14,1,4,0.8,0.0316442680132286
bbbp_spectra_tanimoto_0.80_2,14,1,4,0.8,0.0376608178536186
bbbp_spectra_tanimoto_0.85_0,9,1,3,0.85,0.0227480667480317
bbbp_spectra_tanimoto_0.85_1,10,1,3,0.85,0.0349468935558244
bbbp_spectra_tanimoto_0.85_2,8,1,3,0.85,0.0361229644886576
bbbp_spectra_tanimoto_0.90_0,7,1,2,0.9,0.0342578470133974
bbbp_spectra_tanimoto_0.90_1,7,1,2,0.9,0.0222358948303361
bbbp_spectra_tanimoto_0.90_2,11,1,3,0.9,0.0158835464244729
bbbp_spectra_tanimoto_0.95_0,7,1,3,0.95,0.0175028506161941
bbbp_spectra_tanimoto_0.95_1,7,0,2,0.95,0.00651213508891813
bbbp_spectra_tanimoto_0.95_2,7,1,2,0.95,0.0181489606899118
bbbp_spectra_tanimoto_1.00_0,4,0,2,1,0
clintox_random_1,1008,144,288,NA,0.0973639193576732
clintox_random_2,1008,144,288,NA,0.0969069125262725
clintox_random_3,1008,144,288,NA,0.09663534693629
clintox_random_4,1008,144,288,NA,0.0962882996165092
clintox_random_5,1008,144,288,NA,0.0952199030455521
clintox_scaffold_1,1008,144,288,NA,0.0984011123397172
clintox_scaffold_2,1008,144,288,NA,0.0821238311744496
clintox_scaffold_3,1009,144,287,NA,0.0983906783187344
clintox_scaffold_4,1010,144,286,NA,0.0995531314678991
clintox_scaffold_5,1021,145,274,NA,0.100217580045902
clintox_umap_1,1031,147,262,NA,0.104025734217899
clintox_umap_2,985,140,315,NA,0.08505764267828
clintox_umap_3,991,140,309,NA,0.0860327593713808
clintox_umap_4,1002,143,295,NA,0.084614927358009
clintox_umap_5,1021,146,273,NA,0.0821177902826045
clintox_spectra_tanimoto_0.00_0,1008,144,288,0,0.0947721595684506
clintox_spectra_tanimoto_0.00_1,1008,144,288,0,0.0972220846152537
clintox_spectra_tanimoto_0.00_2,1008,144,288,0,0.0977386888038202
clintox_spectra_tanimoto_0.05_0,530,75,152,0.05,0.0848208844965095
clintox_spectra_tanimoto_0.05_1,522,74,150,0.05,0.0813338914256669
clintox_spectra_tanimoto_0.05_2,511,73,147,0.05,0.0840154059964233
clintox_spectra_tanimoto_0.10_0,290,41,83,0.1,0.0690255541080529
clintox_spectra_tanimoto_0.10_1,297,42,85,0.1,0.0740298799165535
clintox_spectra_tanimoto_0.10_2,280,39,80,0.1,0.0694457153381025
clintox_spectra_tanimoto_0.15_0,188,26,54,0.15,0.0625854211320052
clintox_spectra_tanimoto_0.15_1,196,28,56,0.15,0.0674293655341445
clintox_spectra_tanimoto_0.15_2,192,27,55,0.15,0.062597758765578
clintox_spectra_tanimoto_0.20_0,140,20,41,0.2,0.0608273977545297
clintox_spectra_tanimoto_0.20_1,133,19,38,0.2,0.059026995988784
clintox_spectra_tanimoto_0.20_2,141,20,41,0.2,0.0617662694066392
clintox_spectra_tanimoto_0.25_0,97,13,28,0.25,0.0530763717945163
clintox_spectra_tanimoto_0.25_1,112,15,32,0.25,0.0495058115626966
clintox_spectra_tanimoto_0.25_2,106,15,31,0.25,0.0574432057803341
clintox_spectra_tanimoto_0.30_0,82,11,24,0.3,0.0515281119552013
clintox_spectra_tanimoto_0.30_1,88,12,25,0.3,0.0496186002825152
clintox_spectra_tanimoto_0.30_2,84,12,24,0.3,0.0495567237791151
clintox_spectra_tanimoto_0.35_0,70,9,20,0.35,0.0490735945538958
clintox_spectra_tanimoto_0.35_1,67,9,19,0.35,0.047146444958816
clintox_spectra_tanimoto_0.35_2,70,9,20,0.35,0.0473453671609776
clintox_spectra_tanimoto_0.40_0,54,7,16,0.4,0.037949481767188
clintox_spectra_tanimoto_0.40_1,60,8,17,0.4,0.0444682798549524
clintox_spectra_tanimoto_0.40_2,56,7,16,0.4,0.0418753019981928
clintox_spectra_tanimoto_0.45_0,50,7,15,0.45,0.0414184398257439
clintox_spectra_tanimoto_0.45_1,48,6,14,0.45,0.0450375935283542
clintox_spectra_tanimoto_0.45_2,45,6,13,0.45,0.0374695191583773
clintox_spectra_tanimoto_0.50_0,41,5,12,0.5,0.0323931863952515
clintox_spectra_tanimoto_0.50_1,42,6,12,0.5,0.0332245473938771
clintox_spectra_tanimoto_0.50_2,42,5,12,0.5,0.0308629913941844
clintox_spectra_tanimoto_0.55_0,35,4,10,0.55,0.0316368509300788
clintox_spectra_tanimoto_0.55_1,33,4,10,0.55,0.0361080869546922
clintox_spectra_tanimoto_0.55_2,35,5,10,0.55,0.0363165580841314
clintox_spectra_tanimoto_0.60_0,32,4,9,0.6,0.0266981359921098
clintox_spectra_tanimoto_0.60_1,28,3,8,0.6,0.0297489211921038
clintox_spectra_tanimoto_0.60_2,31,4,9,0.6,0.0304615108545504
clintox_spectra_tanimoto_0.65_0,25,3,7,0.65,0.0326473053774914
clintox_spectra_tanimoto_0.65_1,26,3,8,0.65,0.0280279726236197
clintox_spectra_tanimoto_0.65_2,25,3,7,0.65,0.0282819807412032
clintox_spectra_tanimoto_0.70_0,21,2,6,0.7,0.027888245462302
clintox_spectra_tanimoto_0.70_1,21,3,6,0.7,0.0231471927862359
clintox_spectra_tanimoto_0.70_2,21,3,7,0.7,0.0263502731196326
clintox_spectra_tanimoto_0.75_0,18,2,5,0.75,0.033517021468643
clintox_spectra_tanimoto_0.75_1,19,2,6,0.75,0.0275023651976354
clintox_spectra_tanimoto_0.75_2,18,2,6,0.75,0.0241546962668741
clintox_spectra_tanimoto_0.80_0,15,2,5,0.8,0.0274935880594697
clintox_spectra_tanimoto_0.80_1,16,2,5,0.8,0.0208557945028703
clintox_spectra_tanimoto_0.80_2,14,2,5,0.8,0.0368989869531778
clintox_spectra_tanimoto_0.85_0,14,2,4,0.85,0.0219313985210556
clintox_spectra_tanimoto_0.85_1,13,1,4,0.85,0.0121702977500219
clintox_spectra_tanimoto_0.85_2,14,2,4,0.85,0.0233627150052273
clintox_spectra_tanimoto_0.90_0,10,1,3,0.9,0.0200773398923076
clintox_spectra_tanimoto_0.90_1,8,1,3,0.9,0.0087874634502924
clintox_spectra_tanimoto_0.90_2,9,1,3,0.9,0.0177455411309366
clintox_spectra_tanimoto_0.95_0,9,1,3,0.95,0.00923305778483772
clintox_spectra_tanimoto_0.95_1,6,0,2,0.95,0.00166666666666667
clintox_spectra_tanimoto_0.95_2,9,1,3,0.95,0.0141429533774347
clintox_spectra_tanimoto_1.00_0,4,0,2,1,0
clintox_spectra_tanimoto_1.00_1,5,0,2,1,0
clintox_spectra_tanimoto_1.00_2,5,0,2,1,0
delaney_random_1,774,110,222,NA,0.0825882441442761
delaney_random_2,774,110,222,NA,0.0827546100471516
delaney_random_3,774,110,222,NA,0.0812551097621461
delaney_random_4,774,110,222,NA,0.0815436791941588
delaney_random_5,774,110,222,NA,0.0825248344936527
delaney_scaffold_1,781,111,214,NA,0.0739966697442802
delaney_scaffold_2,775,110,221,NA,0.078712064970236
delaney_scaffold_3,779,111,216,NA,0.0764942294453193
delaney_scaffold_4,775,110,221,NA,0.0754558348684919
delaney_scaffold_5,777,110,219,NA,0.0748717099821057
delaney_umap_1,775,110,221,NA,0.0772155160019997
delaney_umap_2,770,109,227,NA,0.052740397561565
delaney_umap_3,775,110,221,NA,0.0782542934936931
delaney_umap_4,775,110,221,NA,0.0572503124871561
delaney_umap_5,746,106,254,NA,0.0726180811921429
delaney_spectra_tanimoto_0.00_0,774,110,222,0,0.082394302301412
delaney_spectra_tanimoto_0.00_1,774,110,222,0,0.0814969582341083
delaney_spectra_tanimoto_0.00_2,774,110,222,0,0.0813129434930459
delaney_spectra_tanimoto_0.05_0,449,64,129,0.05,0.0696842709992459
delaney_spectra_tanimoto_0.05_1,440,62,126,0.05,0.0700400473776518
delaney_spectra_tanimoto_0.05_2,447,63,128,0.05,0.0714818345963404
delaney_spectra_tanimoto_0.10_0,250,35,72,0.1,0.0603087369507747
delaney_spectra_tanimoto_0.10_1,264,37,76,0.1,0.0585942261189725
delaney_spectra_tanimoto_0.10_2,254,36,73,0.1,0.0624204735855252
delaney_spectra_tanimoto_0.15_0,165,23,48,0.15,0.0534707646098612
delaney_spectra_tanimoto_0.15_1,164,23,47,0.15,0.0543581660548169
delaney_spectra_tanimoto_0.15_2,173,24,50,0.15,0.0516017462555485
delaney_spectra_tanimoto_0.20_0,109,15,31,0.2,0.0501395694410769
delaney_spectra_tanimoto_0.20_1,118,16,34,0.2,0.050831103169229
delaney_spectra_tanimoto_0.20_2,105,15,30,0.2,0.0491018347024005
delaney_spectra_tanimoto_0.25_0,83,11,24,0.25,0.0504979428019505
delaney_spectra_tanimoto_0.25_1,85,12,25,0.25,0.0456554511023845
delaney_spectra_tanimoto_0.25_2,79,11,23,0.25,0.0508451817708388
delaney_spectra_tanimoto_0.30_0,67,9,19,0.3,0.0495711408920071
delaney_spectra_tanimoto_0.30_1,64,9,19,0.3,0.0372411428105319
delaney_spectra_tanimoto_0.30_2,56,8,16,0.3,0.047507482936851
delaney_spectra_tanimoto_0.35_0,52,7,15,0.35,0.0424311628366335
delaney_spectra_tanimoto_0.35_1,50,7,15,0.35,0.0420092649101513
delaney_spectra_tanimoto_0.35_2,49,6,14,0.35,0.0423901335224573
delaney_spectra_tanimoto_0.40_0,41,5,12,0.4,0.0383863338255148
delaney_spectra_tanimoto_0.40_1,39,5,11,0.4,0.0431373620576987
delaney_spectra_tanimoto_0.40_2,40,5,12,0.4,0.0362067875690548
delaney_spectra_tanimoto_0.45_0,28,4,9,0.45,0.0413006935688032
delaney_spectra_tanimoto_0.45_1,29,4,9,0.45,0.0474916934609592
delaney_spectra_tanimoto_0.45_2,25,3,8,0.45,0.0457013814399615
delaney_spectra_tanimoto_0.50_0,25,3,8,0.5,0.0345538004701565
delaney_spectra_tanimoto_0.50_1,24,3,7,0.5,0.0403931830959941
delaney_spectra_tanimoto_0.50_2,25,3,8,0.5,0.0573639003443428
delaney_spectra_tanimoto_0.55_0,19,2,6,0.55,0.0335504924809052
delaney_spectra_tanimoto_0.55_1,19,2,6,0.55,0.0297272165491754
delaney_spectra_tanimoto_0.55_2,23,3,7,0.55,0.0384876780622629
delaney_spectra_tanimoto_0.60_0,17,2,5,0.6,0.0260832162520329
delaney_spectra_tanimoto_0.60_1,18,2,5,0.6,0.035220430264393
delaney_spectra_tanimoto_0.60_2,18,2,5,0.6,0.0266451074936331
delaney_spectra_tanimoto_0.65_0,12,1,4,0.65,0.0293165798391308
delaney_spectra_tanimoto_0.65_1,14,1,4,0.65,0.0371628638034702
delaney_spectra_tanimoto_0.65_2,14,2,4,0.65,0.0240785920830272
delaney_spectra_tanimoto_0.70_0,12,1,4,0.7,0.0265158348503227
delaney_spectra_tanimoto_0.70_1,11,1,4,0.7,0.0368666660162954
delaney_spectra_tanimoto_0.70_2,10,1,3,0.7,0.0185013228002375
delaney_spectra_tanimoto_0.75_0,11,1,3,0.75,0.0271546635182999
delaney_spectra_tanimoto_0.75_1,10,1,3,0.75,0.0491094867312887
delaney_spectra_tanimoto_0.75_2,7,1,3,0.75,0.0167224080267558
delaney_spectra_tanimoto_0.80_0,7,0,2,0.8,0.015391156462585
delaney_spectra_tanimoto_0.80_1,9,1,3,0.8,0.0208108584920179
delaney_spectra_tanimoto_0.80_2,8,1,3,0.8,0.0558584943639291
delaney_spectra_tanimoto_0.85_0,6,0,2,0.85,0.0280515044015241
delaney_spectra_tanimoto_0.85_1,7,1,2,0.85,0.0411255411255411
delaney_spectra_tanimoto_0.85_2,7,0,2,0.85,0
delaney_spectra_tanimoto_0.90_0,7,1,2,0.9,0.0581451157538114
delaney_spectra_tanimoto_0.90_1,6,0,2,0.9,0
delaney_spectra_tanimoto_0.90_2,7,1,2,0.9,0.043988670347366
delaney_spectra_tanimoto_0.95_0,6,0,2,0.95,0.0357142857142857
delaney_spectra_tanimoto_0.95_1,7,0,2,0.95,0.0253939608778318
delaney_spectra_tanimoto_0.95_2,7,1,3,0.95,0.00869047619047619
delaney_spectra_tanimoto_1.00_0,5,0,2,1,0
delaney_spectra_tanimoto_1.00_1,4,0,2,1,0
delaney_spectra_tanimoto_1.00_2,5,0,2,1,0
freesolv_random_1,449,64,129,NA,0.0800557304225477
freesolv_random_2,449,64,129,NA,0.079312740850431
freesolv_random_3,449,64,129,NA,0.0797228953032815
freesolv_random_4,449,64,129,NA,0.0792568901053216
freesolv_random_5,449,64,129,NA,0.0777025608686436
freesolv_scaffold_1,453,64,125,NA,0.0581000428325272
freesolv_scaffold_2,455,64,123,NA,0.0560421947867487
freesolv_scaffold_3,452,64,126,NA,0.0587196758107112
freesolv_scaffold_4,450,64,128,NA,0.0547127174759847
freesolv_scaffold_5,454,64,124,NA,0.0547256023015823
freesolv_umap_1,448,63,131,NA,0.0630638623597021
freesolv_umap_2,452,64,126,NA,0.0644784957255433
freesolv_umap_3,441,62,139,NA,0.0679278773957979
freesolv_umap_4,444,63,135,NA,0.0628562593117996
freesolv_umap_5,444,63,135,NA,0.064023424995019
freesolv_spectra_tanimoto_0.00_0,448,64,129,0,0.0778488218585186
freesolv_spectra_tanimoto_0.00_1,448,64,129,0,0.0773863345497844
freesolv_spectra_tanimoto_0.00_2,448,64,129,0,0.0764481878376665
freesolv_spectra_tanimoto_0.05_0,310,44,89,0.05,0.0693319291435806
freesolv_spectra_tanimoto_0.05_1,292,41,84,0.05,0.067970975075608
freesolv_spectra_tanimoto_0.05_2,299,42,86,0.05,0.068772355693421
freesolv_spectra_tanimoto_0.10_0,194,27,56,0.1,0.0550368190209097
freesolv_spectra_tanimoto_0.10_1,182,26,52,0.1,0.0597038237960607
freesolv_spectra_tanimoto_0.10_2,190,27,55,0.1,0.0623925691908987
freesolv_spectra_tanimoto_0.15_0,126,18,36,0.15,0.0512067144749442
freesolv_spectra_tanimoto_0.15_1,121,17,35,0.15,0.0533851557378386
freesolv_spectra_tanimoto_0.15_2,126,17,36,0.15,0.0523955174607328
freesolv_spectra_tanimoto_0.20_0,91,12,26,0.2,0.0449468434499207
freesolv_spectra_tanimoto_0.20_1,95,13,28,0.2,0.0469197042973533
freesolv_spectra_tanimoto_0.20_2,98,14,29,0.2,0.0438238980598199
freesolv_spectra_tanimoto_0.25_0,70,9,20,0.25,0.0423380657785105
freesolv_spectra_tanimoto_0.25_1,74,10,21,0.25,0.0408568296095911
freesolv_spectra_tanimoto_0.25_2,70,9,20,0.25,0.043362071436786
freesolv_spectra_tanimoto_0.30_0,47,6,14,0.3,0.0461052456949267
freesolv_spectra_tanimoto_0.30_1,53,7,15,0.3,0.0476563027520075
freesolv_spectra_tanimoto_0.30_2,47,6,14,0.3,0.0451947805436556
freesolv_spectra_tanimoto_0.35_0,37,5,11,0.35,0.0454312512429325
freesolv_spectra_tanimoto_0.35_1,34,4,10,0.35,0.0374242715715477
freesolv_spectra_tanimoto_0.35_2,35,5,10,0.35,0.0360234088512517
freesolv_spectra_tanimoto_0.40_0,35,5,10,0.4,0.0306385612650437
freesolv_spectra_tanimoto_0.40_1,35,4,10,0.4,0.0289557153398322
freesolv_spectra_tanimoto_0.40_2,25,3,8,0.4,0.0529331734718234
freesolv_spectra_tanimoto_0.45_0,24,3,7,0.45,0.0301516178837944
freesolv_spectra_tanimoto_0.45_1,24,3,7,0.45,0.043344871504991
freesolv_spectra_tanimoto_0.45_2,21,3,7,0.45,0.0458094738162507
freesolv_spectra_tanimoto_0.50_0,21,3,6,0.5,0.0310725479697939
freesolv_spectra_tanimoto_0.50_1,21,3,6,0.5,0.0360976547533317
freesolv_spectra_tanimoto_0.50_2,21,3,6,0.5,0.0381855040152697
freesolv_spectra_tanimoto_0.55_0,17,2,5,0.55,0.0185941893238119
freesolv_spectra_tanimoto_0.55_1,18,2,6,0.55,0.0310390396923018
freesolv_spectra_tanimoto_0.55_2,15,2,5,0.55,0.0217725169407956
freesolv_spectra_tanimoto_0.60_0,14,2,4,0.6,0.0258401864533692
freesolv_spectra_tanimoto_0.60_1,13,1,4,0.6,0.0238288810593764
freesolv_spectra_tanimoto_0.60_2,14,2,5,0.6,0.0381493287962945
freesolv_spectra_tanimoto_0.65_0,14,2,4,0.65,0.014130231507441
freesolv_spectra_tanimoto_0.65_1,12,1,4,0.65,0.0303670684481948
freesolv_spectra_tanimoto_0.65_2,12,1,4,0.65,0.0265373408762652
freesolv_spectra_tanimoto_0.70_0,14,1,4,0.7,0.0275357789314556
freesolv_spectra_tanimoto_0.70_1,12,1,4,0.7,0.030778168286392
freesolv_spectra_tanimoto_0.70_2,8,1,3,0.7,0.0318304340470038
freesolv_spectra_tanimoto_0.75_0,10,1,3,0.75,0.0138247657429243
freesolv_spectra_tanimoto_0.75_1,11,1,4,0.75,0.00986513486513487
freesolv_spectra_tanimoto_0.75_2,10,1,3,0.75,0.035286675056496
freesolv_spectra_tanimoto_0.80_0,9,1,3,0.8,0.010239651416122
freesolv_spectra_tanimoto_0.80_1,11,1,3,0.8,0.0292137323051302
freesolv_spectra_tanimoto_0.80_2,9,1,3,0.8,0.0143004115226337
freesolv_spectra_tanimoto_0.85_0,8,1,3,0.85,0.0461159211159211
freesolv_spectra_tanimoto_0.85_1,8,1,3,0.85,0.00915750915750916
freesolv_spectra_tanimoto_0.85_2,10,1,3,0.85,0.00914351851851852
freesolv_spectra_tanimoto_0.90_0,7,1,3,0.9,0.0101010101010101
freesolv_spectra_tanimoto_0.90_1,8,1,3,0.9,0.00833333333333333
freesolv_spectra_tanimoto_0.90_2,8,1,3,0.9,0.0152116402116402
freesolv_spectra_tanimoto_0.95_0,7,0,2,0.95,0.00264550264550265
freesolv_spectra_tanimoto_0.95_1,7,1,3,0.95,0.0148809523809524
freesolv_spectra_tanimoto_0.95_2,8,1,3,0.95,0.0144927536231884
freesolv_spectra_tanimoto_1.00_0,7,1,2,1,0
freesolv_spectra_tanimoto_1.00_1,7,0,2,1,0
freesolv_spectra_tanimoto_1.00_2,7,0,2,1,0
lipo_random_1,2940,420,840,NA,0.130038158601365
lipo_random_2,2940,420,840,NA,0.129954473765703
lipo_random_3,2940,420,840,NA,0.129435691392509
lipo_random_4,2940,420,840,NA,0.130511568717074
lipo_random_5,2940,420,840,NA,0.129667790956855
lipo_scaffold_1,2940,420,840,NA,0.129597193205055
lipo_scaffold_2,2948,421,831,NA,0.12832526993443
lipo_scaffold_3,2940,420,840,NA,0.129716855331631
lipo_scaffold_4,2940,420,840,NA,0.130170607637531
lipo_scaffold_5,2940,420,840,NA,0.128774711844088
lipo_umap_1,3059,437,704,NA,0.132153065848965
lipo_umap_2,2771,395,1034,NA,0.126152950893295
lipo_umap_3,3165,452,583,NA,0.128095378362278
lipo_umap_4,3299,471,430,NA,0.13433834273735
lipo_umap_5,2625,374,1201,NA,0.129935699242135
lipo_spectra_tanimoto_0.00_0,2940,420,840,0,0.129953130182535
lipo_spectra_tanimoto_0.00_1,2940,420,840,0,0.129425966426645
lipo_spectra_tanimoto_0.00_2,2940,420,840,0,0.130237187292262
lipo_spectra_tanimoto_0.05_0,980,140,280,0.05,0.11470173326596
lipo_spectra_tanimoto_0.05_1,994,142,285,0.05,0.115218863022547
lipo_spectra_tanimoto_0.05_2,986,140,282,0.05,0.113744828003699
lipo_spectra_tanimoto_0.10_0,473,67,136,0.1,0.104756461533025
lipo_spectra_tanimoto_0.10_1,496,70,142,0.1,0.106864396524361
lipo_spectra_tanimoto_0.10_2,486,69,139,0.1,0.105365037551007
lipo_spectra_tanimoto_0.15_0,292,41,84,0.15,0.102407606591285
lipo_spectra_tanimoto_0.15_1,284,40,82,0.15,0.101103134882328
lipo_spectra_tanimoto_0.15_2,284,40,81,0.15,0.101953323578332
lipo_spectra_tanimoto_0.20_0,199,28,57,0.2,0.0983874617667595
lipo_spectra_tanimoto_0.20_1,203,28,58,0.2,0.0980276994374659
lipo_spectra_tanimoto_0.20_2,189,27,55,0.2,0.0978036293818959
lipo_spectra_tanimoto_0.25_0,126,18,36,0.25,0.0952725586709859
lipo_spectra_tanimoto_0.25_1,140,20,40,0.25,0.0938862424829534
lipo_spectra_tanimoto_0.25_2,143,20,41,0.25,0.0955107634394892
lipo_spectra_tanimoto_0.30_0,109,15,32,0.3,0.0947600563598704
lipo_spectra_tanimoto_0.30_1,110,15,32,0.3,0.0919918986228554
lipo_spectra_tanimoto_0.30_2,103,14,30,0.3,0.0929747949773671
lipo_spectra_tanimoto_0.35_0,78,11,23,0.35,0.0914381428000255
lipo_spectra_tanimoto_0.35_1,87,12,25,0.35,0.0894603326010618
lipo_spectra_tanimoto_0.35_2,78,11,23,0.35,0.0885787400973617
lipo_spectra_tanimoto_0.40_0,61,8,18,0.4,0.091079936253506
lipo_spectra_tanimoto_0.40_1,60,8,17,0.4,0.0853518768898937
lipo_spectra_tanimoto_0.40_2,66,9,19,0.4,0.0855925638774011
lipo_spectra_tanimoto_0.45_0,55,7,16,0.45,0.0872200726423326
lipo_spectra_tanimoto_0.45_1,49,7,14,0.45,0.0888349701234061
lipo_spectra_tanimoto_0.45_2,46,6,14,0.45,0.0906798116684562
lipo_spectra_tanimoto_0.50_0,37,5,11,0.5,0.0870384112203493
lipo_spectra_tanimoto_0.50_1,37,5,11,0.5,0.0769505354153039
lipo_spectra_tanimoto_0.50_2,42,5,12,0.5,0.0824643497203153
lipo_spectra_tanimoto_0.55_0,32,4,9,0.55,0.080293709925878
lipo_spectra_tanimoto_0.55_1,39,5,11,0.55,0.0828732468985989
lipo_spectra_tanimoto_0.55_2,30,4,9,0.55,0.0819460691405963
lipo_spectra_tanimoto_0.60_0,26,3,8,0.6,0.084480851272198
lipo_spectra_tanimoto_0.60_1,25,3,8,0.6,0.0848596346828365
lipo_spectra_tanimoto_0.60_2,25,3,8,0.6,0.0796029385963912
lipo_spectra_tanimoto_0.65_0,22,3,7,0.65,0.0754188091484305
lipo_spectra_tanimoto_0.65_1,21,2,6,0.65,0.0760106663393556
lipo_spectra_tanimoto_0.65_2,21,3,6,0.65,0.0811998055200343
lipo_spectra_tanimoto_0.70_0,14,2,5,0.7,0.0754991305043465
lipo_spectra_tanimoto_0.70_1,18,2,5,0.7,0.08366918701667
lipo_spectra_tanimoto_0.70_2,18,2,6,0.7,0.0670187633914143
lipo_spectra_tanimoto_0.75_0,14,2,4,0.75,0.0799365723436658
lipo_spectra_tanimoto_0.75_1,14,1,4,0.75,0.0755565035669938
lipo_spectra_tanimoto_0.75_2,14,2,5,0.75,0.0710930854579114
lipo_spectra_tanimoto_0.80_0,10,1,3,0.8,0.085799016168968
lipo_spectra_tanimoto_0.80_1,12,1,4,0.8,0.0625524330139096
lipo_spectra_tanimoto_0.80_2,11,1,3,0.8,0.0655892768931516
lipo_spectra_tanimoto_0.85_0,7,1,3,0.85,0.0779256908421734
lipo_spectra_tanimoto_0.85_1,8,1,3,0.85,0.0739269330570183
lipo_spectra_tanimoto_0.85_2,10,1,3,0.85,0.067641761503413
lipo_spectra_tanimoto_0.90_0,7,0,2,0.9,0.0700391732895802
lipo_spectra_tanimoto_0.90_1,7,1,2,0.9,0.0644765151883652
lipo_spectra_tanimoto_0.90_2,8,1,3,0.9,0.0586197296800427
lipo_spectra_tanimoto_0.95_1,5,0,2,0.95,0.0558730224827786
lipo_spectra_tanimoto_0.95_2,6,0,2,0.95,0.0611304577185533
sider_random_1,999,142,286,NA,0.0985737626425506
sider_random_2,999,142,286,NA,0.097145689408004
sider_random_3,999,142,286,NA,0.0959474631463715
sider_random_4,999,142,286,NA,0.0968103094349994
sider_random_5,999,142,286,NA,0.0979984765440031
sider_scaffold_1,1001,142,284,NA,0.0995719103079316
sider_scaffold_2,1000,142,285,NA,0.0995697129486003
sider_scaffold_3,1000,142,285,NA,0.0990791941680805
sider_scaffold_4,1000,142,285,NA,0.0993928461079555
sider_scaffold_5,1000,142,285,NA,0.099152596762008
sider_umap_1,984,140,303,NA,0.0960631361378047
sider_umap_2,1011,144,272,NA,0.0949361946371736
sider_umap_3,1022,145,260,NA,0.103521403428985
sider_umap_4,985,140,302,NA,0.0966810093725064
sider_umap_5,992,141,294,NA,0.0840173681081318
sider_spectra_tanimoto_0.00_0,999,142,286,0,0.0948493935803412
sider_spectra_tanimoto_0.00_1,999,142,286,0,0.095683407753416
sider_spectra_tanimoto_0.00_2,999,142,286,0,0.0958634444972152
sider_spectra_tanimoto_0.05_0,525,75,150,0.05,0.0781211745333756
sider_spectra_tanimoto_0.05_1,529,75,151,0.05,0.0804087443446909
sider_spectra_tanimoto_0.05_2,535,76,153,0.05,0.0793016967408354
sider_spectra_tanimoto_0.10_0,294,41,84,0.1,0.0666705067685364
sider_spectra_tanimoto_0.10_1,294,42,84,0.1,0.0658061941386796
sider_spectra_tanimoto_0.10_2,305,43,88,0.1,0.0650037230786413
sider_spectra_tanimoto_0.15_0,207,29,59,0.15,0.0535273891232408
sider_spectra_tanimoto_0.15_1,208,29,60,0.15,0.055602216142392
sider_spectra_tanimoto_0.15_2,203,29,58,0.15,0.0593382992371987
sider_spectra_tanimoto_0.20_0,154,22,45,0.2,0.0493253447941853
sider_spectra_tanimoto_0.20_1,153,21,44,0.2,0.0498213946754672
sider_spectra_tanimoto_0.20_2,148,21,43,0.2,0.0498679017865287
sider_spectra_tanimoto_0.25_0,114,16,33,0.25,0.0375577210352172
sider_spectra_tanimoto_0.25_1,112,15,32,0.25,0.0405066558394107
sider_spectra_tanimoto_0.25_2,118,16,34,0.25,0.043723061023326
sider_spectra_tanimoto_0.30_0,98,13,28,0.3,0.0347353357998
sider_spectra_tanimoto_0.30_1,98,14,29,0.3,0.0300670457605059
sider_spectra_tanimoto_0.30_2,96,13,28,0.3,0.0328321398791609
sider_spectra_tanimoto_0.35_0,81,11,24,0.35,0.0331993537878173
sider_spectra_tanimoto_0.35_1,84,12,25,0.35,0.0240505350527246
sider_spectra_tanimoto_0.35_2,85,12,25,0.35,0.02897555220982
sider_spectra_tanimoto_0.40_0,67,9,20,0.4,0.0315697047652289
sider_spectra_tanimoto_0.40_1,70,10,21,0.4,0.0248817204751639
sider_spectra_tanimoto_0.40_2,63,9,19,0.4,0.0242498821723181
sider_spectra_tanimoto_0.45_0,60,8,18,0.45,0.0206395200365432
sider_spectra_tanimoto_0.45_1,57,8,17,0.45,0.0203767551242264
sider_spectra_tanimoto_0.45_2,60,8,17,0.45,0.0234226556803291
sider_spectra_tanimoto_0.50_0,55,7,16,0.5,0.018796192259833
sider_spectra_tanimoto_0.50_1,57,8,17,0.5,0.0195317762621469
sider_spectra_tanimoto_0.50_2,54,7,16,0.5,0.018359747439422
sider_spectra_tanimoto_0.55_0,45,6,13,0.55,0.0147292964445893
sider_spectra_tanimoto_0.55_1,49,7,14,0.55,0.0165093797958911
sider_spectra_tanimoto_0.55_2,46,6,14,0.55,0.0172257389445453
sider_spectra_tanimoto_0.60_0,40,5,12,0.6,0.017183130065336
sider_spectra_tanimoto_0.60_1,44,6,13,0.6,0.0155886333650899
sider_spectra_tanimoto_0.60_2,42,6,13,0.6,0.0176545862995601
sider_spectra_tanimoto_0.65_0,36,5,11,0.65,0.0124218844308388
sider_spectra_tanimoto_0.65_1,41,5,12,0.65,0.0134628256466697
sider_spectra_tanimoto_0.65_2,42,6,12,0.65,0.0144666147124199
sider_spectra_tanimoto_0.70_0,35,5,10,0.7,0.00816343496326023
sider_spectra_tanimoto_0.70_1,34,4,10,0.7,0.00375332436612641
sider_spectra_tanimoto_0.70_2,32,4,10,0.7,0.00993816585804201
sider_spectra_tanimoto_0.75_0,33,4,10,0.75,0.00665876077843603
sider_spectra_tanimoto_0.75_1,32,4,10,0.75,0.005193154614169
sider_spectra_tanimoto_0.75_2,32,4,10,0.75,0.00920600489754713
sider_spectra_tanimoto_0.80_0,28,4,8,0.8,0.00271768981757411
sider_spectra_tanimoto_0.80_1,30,4,9,0.8,0.00149413237264143
sider_spectra_tanimoto_0.80_2,28,4,9,0.8,0.00937043727785709
sider_spectra_tanimoto_0.85_0,27,3,8,0.85,0.00599275648841488
sider_spectra_tanimoto_0.85_1,28,4,8,0.85,0.000890404986719975
sider_spectra_tanimoto_0.85_2,27,3,8,0.85,0.00231834762985463
sider_spectra_tanimoto_0.90_0,25,3,7,0.9,0.000230903790087464
sider_spectra_tanimoto_0.90_1,25,3,7,0.9,0.000736509940838456
sider_spectra_tanimoto_0.90_2,23,3,7,0.9,0.00193841294775262
sider_spectra_tanimoto_0.95_0,20,2,6,0.95,0.000925925925925926
sider_spectra_tanimoto_0.95_1,21,2,6,0.95,0
sider_spectra_tanimoto_0.95_2,17,2,5,0.95,0.00273263762698371
sider_spectra_tanimoto_1.00_0,20,2,6,1,0
sider_spectra_tanimoto_1.00_1,19,2,6,1,0
sider_spectra_tanimoto_1.00_2,18,2,6,1,0
tox21_random_1,5476,782,1565,NA,0.0871906015547704
tox21_random_2,5476,782,1565,NA,0.0876862326155091
tox21_random_3,5476,782,1565,NA,0.0877906125313858
tox21_random_4,5476,782,1565,NA,0.0874460864539449
tox21_random_5,5476,782,1565,NA,0.087043505974359
tox21_scaffold_1,5485,783,1555,NA,0.0861030360028418
tox21_scaffold_2,5477,782,1564,NA,0.0862802362774467
tox21_scaffold_3,5477,782,1564,NA,0.0867223722878148
tox21_scaffold_4,5477,782,1564,NA,0.086958660733228
tox21_scaffold_5,5477,782,1564,NA,0.0855076988380205
tox21_umap_1,5448,778,1597,NA,0.0992035653319392
tox21_umap_2,5396,770,1657,NA,0.0940793840420345
tox21_umap_3,5445,777,1601,NA,0.0856459261478736
tox21_umap_4,5503,786,1534,NA,0.0575664949412918
tox21_umap_5,5528,789,1506,NA,0.0594652787139588
tox21_spectra_tanimoto_0.00_0,5476,782,1565,0,0.0879045417811383
tox21_spectra_tanimoto_0.00_1,5476,782,1565,0,0.0875741653792791
tox21_spectra_tanimoto_0.00_2,5476,782,1565,0,0.0881864891117796
tox21_spectra_tanimoto_0.05_0,1630,232,466,0.05,0.0652083039942378
tox21_spectra_tanimoto_0.05_1,1677,239,479,0.05,0.0655060977394843
tox21_spectra_tanimoto_0.05_2,1880,235,471,0.05,0.0650047824425284
tox21_spectra_tanimoto_0.10_0,864,108,217,0.1,0.0516311095573461
tox21_spectra_tanimoto_0.10_1,883,110,221,0.1,0.0544619298484539
tox21_spectra_tanimoto_0.10_2,866,108,217,0.1,0.0536439227778477
tox21_spectra_tanimoto_0.15_0,504,63,126,0.15,0.0454370181637472
tox21_spectra_tanimoto_0.15_1,511,63,128,0.15,0.0447309102861574
tox21_spectra_tanimoto_0.15_2,517,64,130,0.15,0.0468525692701286
tox21_spectra_tanimoto_0.20_0,336,42,85,0.2,0.0405847328070012
tox21_spectra_tanimoto_0.20_1,348,43,87,0.2,0.0403419832669104
tox21_spectra_tanimoto_0.20_2,350,43,88,0.2,0.0399364417006232
tox21_spectra_tanimoto_0.25_0,254,31,64,0.25,0.0375412101272994
tox21_spectra_tanimoto_0.25_1,248,31,62,0.25,0.0372158875810759
tox21_spectra_tanimoto_0.25_2,242,30,61,0.25,0.0368294373442575
tox21_spectra_tanimoto_0.30_0,188,23,47,0.3,0.0328336860296361
tox21_spectra_tanimoto_0.30_1,182,22,46,0.3,0.0290515905469416
tox21_spectra_tanimoto_0.30_2,185,23,47,0.3,0.0322242253377845
tox21_spectra_tanimoto_0.35_0,150,18,38,0.35,0.027122401721294
tox21_spectra_tanimoto_0.35_1,147,18,37,0.35,0.0261124545110099
tox21_spectra_tanimoto_0.35_2,153,19,39,0.35,0.0273953483459036
tox21_spectra_tanimoto_0.40_0,120,15,31,0.4,0.0266378664820321
tox21_spectra_tanimoto_0.40_1,114,14,29,0.4,0.0227488876158683
tox21_spectra_tanimoto_0.40_2,118,14,30,0.4,0.026544188367881
tox21_spectra_tanimoto_0.45_0,96,12,24,0.45,0.0229806916601517
tox21_spectra_tanimoto_0.45_1,88,11,22,0.45,0.0279208402318688
tox21_spectra_tanimoto_0.45_2,98,12,25,0.45,0.0209671756007941
tox21_spectra_tanimoto_0.50_0,83,10,21,0.5,0.0199632501057722
tox21_spectra_tanimoto_0.50_1,77,9,20,0.5,0.0176612249217098
tox21_spectra_tanimoto_0.50_2,81,10,21,0.5,0.0205126434542824
tox21_spectra_tanimoto_0.55_0,65,8,17,0.55,0.0194145603734639
tox21_spectra_tanimoto_0.55_1,66,8,17,0.55,0.0151908594989392
tox21_spectra_tanimoto_0.55_2,67,8,17,0.55,0.0189689199808749
tox21_spectra_tanimoto_0.60_0,56,7,14,0.6,0.0191190561516796
tox21_spectra_tanimoto_0.60_1,55,6,14,0.6,0.0167523592560463
tox21_spectra_tanimoto_0.60_2,57,7,15,0.6,0.0194375843246199
tox21_spectra_tanimoto_0.65_0,51,6,13,0.65,0.0127126579578004
tox21_spectra_tanimoto_0.65_1,48,6,12,0.65,0.0138527727984102
tox21_spectra_tanimoto_0.65_2,49,6,13,0.65,0.0110655067703122
tox21_spectra_tanimoto_0.70_0,41,5,11,0.7,0.00715705326621947
tox21_spectra_tanimoto_0.70_1,39,4,10,0.7,0.0075809044057749
tox21_spectra_tanimoto_0.70_2,39,4,10,0.7,0.013612562216279
tox21_spectra_tanimoto_0.75_0,37,4,10,0.75,0.00821500742124156
tox21_spectra_tanimoto_0.75_1,35,4,9,0.75,0.00232804661539656
tox21_spectra_tanimoto_0.75_2,36,4,10,0.75,0.00787439250362027
tox21_spectra_tanimoto_0.80_0,28,3,7,0.8,0.0012438194836154
tox21_spectra_tanimoto_0.80_1,32,4,8,0.8,0.00342444088304784
tox21_spectra_tanimoto_0.80_2,30,3,8,0.8,0.00956334964828529
tox21_spectra_tanimoto_0.85_0,27,3,7,0.85,0.00720396107279499
tox21_spectra_tanimoto_0.85_1,27,3,7,0.85,0.00413585532633152
tox21_spectra_tanimoto_0.85_2,24,3,6,0.85,0.00556788093980296
tox21_spectra_tanimoto_0.90_0,23,2,6,0.9,0.00366132723112128
tox21_spectra_tanimoto_0.90_1,23,2,6,0.9,0.0016713417484806
tox21_spectra_tanimoto_0.90_2,28,3,7,0.9,0.00203059843144138
tox21_spectra_tanimoto_0.95_0,21,2,6,0.95,0.00357428746702919
tox21_spectra_tanimoto_0.95_1,21,2,6,0.95,0.00121328224776501
tox21_spectra_tanimoto_0.95_2,25,3,7,0.95,0.000634920634920635
tox21_spectra_tanimoto_1.00_0,22,2,6,1,0
tox21_spectra_tanimoto_1.00_1,22,2,6,1,0
tox21_spectra_tanimoto_1.00_2,24,3,6,1,0
